,drug_id,smiles
0,CID000002173,CC1(C(N2C(S1)C(C2=O)NC(=O)C(C3=CC=CC=C3)N)C(=O)[O-])C
1,CID000003345,CCC(=O)N(C1CCN(CC1)CCC2=CC=CC=C2)C3=CC=CC=C3
2,CID000005206,C(OC(C(F)(F)F)C(F)(F)F)F
3,CID000009433,CN1C2=C(C(=O)N(C1=O)C)NC=N2.CN1C2=C(C(=O)N(C1=O)C)NC=N2.C(CN)N
4,CID000003929,CC(=O)NCC1CN(C(=O)O1)C2=CC(=C(C=C2)N3CCOCC3)F
5,CID000150610,CC1C2C(C(=O)N2C(=C1SC3CC(NC3)C(=O)NC4=CC=CC(=C4)C(=O)O)C(=O)O)C(C)O
6,CID000001302,CC(C1=CC2=C(C=C1)C=C(C=C2)OC)C(=O)O
7,CID000005064,C1=NC(=NN1C2C(C(C(O2)CO)O)O)C(=O)N
8,CID000005267,CC(=O)SC1CC2=CC(=O)CCC2(C3C1C4CCC5(C4(CC3)C)CCC(=O)O5)C
9,CID000010631,CC1CC2C(CCC3(C2CCC3(C(=O)C)O)C)C4(C1=CC(=O)CC4)C
10,CID000004601,CC1=CC=CC=C1C(C2=CC=CC=C2)OCCN(C)C
11,CID000005376,CCC(=C(C1=CC=CC=C1)C2=CC=C(C=C2)OCCN(C)C)C3=CC=CC=C3
12,CID000005090,CS(=O)(=O)C1=CC=C(C=C1)C2=C(C(=O)OC2)C3=CC=CC=C3
13,CID000005556,CC1=NN=C2N1C3=C(C=C(C=C3)Cl)C(=NC2)C4=CC=CC=C4Cl
14,CID000004946,CC(C)NCC(COC1=CC=CC2=CC=CC=C21)O
15,CID000130881,CCCC1=NC(=C(N1CC2=CC=C(C=C2)C3=CC=CC=C3C4=NNN=N4)C(=O)OCC5=C(OC(=O)O5)C)C(C)(C)O
16,CID000005391,CN1C2=C(C=C(C=C2)Cl)C(=NC(C1=O)O)C3=CC=CC=C3
17,CID000005584,CC(CN1C2=CC=CC=C2CCC3=CC=CC=C31)CN(C)C
18,CID000002802,C1C(=O)NC2=C(C=C(C=C2)[N+](=O)[O-])C(=N1)C3=CC=CC=C3Cl
19,CID005381226,CC1C=CC=C(C(=O)NC2=C(C3=C(C4=C(C(=C3O)C)OC(C4=O)(OC=CC(C(C(C(C(C(C1O)C)O)C)OC(=O)C)C)OC)C)C(=O)C2=CNN5CCN(CC5)C)O)C
20,CID000004212,C1=CC(=C2C(=C1NCCNCCO)C(=O)C3=C(C=CC(=C3C2=O)O)O)NCCNCCO
21,CID000060953,CCCCCOC(=O)NC1=NC(=O)N(C=C1F)C2C(C(C(O2)C)O)O
22,CID000000596,C1=CN(C(=O)N=C1N)C2C(C(C(O2)CO)O)O
23,CID000005726,CC1=CN(C(=O)NC1=O)C2CC(C(O2)CO)N=[N+]=[N-]
24,CID000002522,CC(C=CC(C1CC1)O)C2CCC3C2(CCCC3=CC=C4CC(CC(C4=C)O)O)C
25,CID000003308,CCC1=C2C(=CC=C1)C3=C(N2)C(OCC3)(CC)CC(=O)O
26,CID000003405,C1=CC(=CC=C1C(=O)NC(CCC(=O)O)C(=O)O)NCC2=CN=C3C(=N2)C(=O)N=C(N3)N
27,CID000060795,C1CC(=O)NC2=C1C=CC(=C2)OCCCCN3CCN(CC3)C4=C(C(=CC=C4)Cl)Cl
28,CID000003446,C1CCC(CC1)(CC(=O)O)CN
29,CID004183806,CCCCC(C)(CC=CC1C(CC(=O)C1CCCCCCC(=O)OC)O)O
30,CID000004107,COC1=CC=CC=C1OCC(COC(=O)N)O
31,CID000004917,CN1CCN(CC1)CCCN2C3=CC=CC=C3SC4=C2C=C(C=C4)Cl
32,CID000003161,CC1C2C(C3C(C(=O)C(=C(N)O)C(=O)C3(C(=O)C2=C(C4=C1C=CC=C4O)O)O)N(C)C)O
33,CID000071329,CN(CCC1=CC=C(C=C1)NS(=O)(=O)C)CCOC2=CC=C(C=C2)NS(=O)(=O)C
34,CID000003823,CC(=O)N1CCN(CC1)C2=CC=C(C=C2)OCC3COC(O3)(CN4C=CN=C4)C5=C(C=C(C=C5)Cl)Cl
35,CID000003911,CCNC(=O)C1CCCN1C(=O)C(CCCN=C(N)N)NC(=O)C(CC(C)C)NC(=O)C(CC(C)C)NC(=O)C(CC2=CC=C(C=C2)O)NC(=O)C(CO)NC(=O)C(CC3=CNC4=CC=CC=C43)NC(=O)C(CC5=CN=CN5)NC(=O)C6CCC(=O)N6
36,CID000054454,CCC(C)(C)C(=O)OC1CC(C=C2C1C(C(C=C2)C)CCC3CC(CC(=O)O3)O)C
37,CID000002156,CCCCC1=C(C2=CC=CC=C2O1)C(=O)C3=CC(=C(C(=C3)I)OCC[NH+](CC)CC)I
38,CID000004411,CC(C)(C)NCC(COC1=CC=CC2=C1CC(C(C2)O)O)O
39,CID000002907,C1CNP(=O)(OC1)N(CCCl)CCCl
40,CID000004192,CC1=NC=C2N1C3=C(C=C(C=C3)Cl)C(=NC2)C4=CC=CC=C4F
41,CID000083786,C1=NNC2=C1NC=NC2=O
42,CID000003348,CC(C)(C1=CC=C(C=C1)C(CCCN2CCC(CC2)C(C3=CC=CC=C3)(C4=CC=CC=C4)O)O)C(=O)O
43,CID000000838,CNCC(C1=CC(=C(C=C1)O)O)O
44,CID000002617,CC1=NN=C(S1)SCC2=C(N3C(C(C3=O)NC(=O)CN4C=NN=N4)SC2)C(=O)[O-]
45,CID000001986,CC(=O)NC1=NN=C(S1)S(=O)(=O)N
46,CID000006691,CC(=O)CC(C1=CC=CC=C1)C2=C(OC3=CC=CC=C3C2=O)O
47,CID000004920,CC(=O)C1CCC2C1(CCC3C2CCC4=CC(=O)CCC34C)C
48,CID000005478,CC(C)(C)NCC(COC1=NSN=C1N2CCOCC2)O
49,CID006398525,C(C1C(C(C(C(O1)OC2(C(C(C(O2)OS(=O)(=O)O)OS(=O)(=O)O)OS(=O)(=O)O)COS(=O)(=O)O)OS(=O)(=O)O)OS(=O)(=O)O)OS(=O)(=O)O)OS(=O)(=O)O.O.O.O.O.O.O.O.O.O.O.O.O.O.O.O.O.O.O.O.O.[Al].[Al].[Al].[Al].[Al].[Al].[Al].[Al].[Al]
50,CID000003937,C1CC(N(C1)C(=O)C(CCCCN)NC(CCC2=CC=CC=C2)C(=O)O)C(=O)O
51,CID005311048,C(N)(N)(Cl)Cl
52,CID000004158,COC(=O)C(C1CCCCN1)C2=CC=CC=C2
53,CID000005523,CN(C)CC1CCCCC1(C2=CC(=CC=C2)OC)O
54,CID000003696,CN(C)CCCN1C2=CC=CC=C2CCC3=CC=CC=C31
55,CID000004112,CN(CC1=CN=C2C(=N1)C(=NC(=N2)N)N)C3=CC=C(C=C3)C(=O)NC(CCC(=O)O)C(=O)O
56,CID000003899,CC1=C(C=NO1)C(=O)NC2=CC=C(C=C2)C(F)(F)F
57,CID000004473,CC1=C(C(C(=C(N1)C)C(=O)OCC[NH+](C)CC2=CC=CC=C2)C3=CC(=CC=C3)[N+](=O)[O-])C(=O)OC
58,CID000000853,C1=C(C=C(C(=C1I)OC2=CC(=C(C(=C2)I)O)I)I)CC(C(=O)O)N
59,CID005311181,CC#CCC(C)C(C=CC1C(CC2C1CC(=CCCCC(=O)O)C2)O)O
60,CID000032797,CC1CC2C3CCC4=CC(=O)C=CC4(C3(C(CC2(C1(C(=O)CCl)O)C)O)F)C
61,CID000059708,CCC(C(=O)N)N1CCCC1=O
62,CID000003826,C1CN2C(=CC=C2C(=O)C3=CC=CC=C3)C1C(=O)O
63,CID000003143,CC1=C2C(C(=O)C3(C(CC4C(C3C(C(C2(C)C)(CC1OC(=O)C(C(C5=CC=CC=C5)NC(=O)OC(C)(C)C)O)O)OC(=O)C6=CC=CC=C6)(CO4)OC(=O)C)O)C)O
64,CID000004736,CC1C2CC3=C(C1(CCN2CC=C(C)C)C)C=C(C=C3)O
65,CID000005038,CCOC(=O)C(CCC1=CC=CC=C1)NC(C)C(=O)N2C3CCCC3CC2C(=O)O
66,CID000005039,CNC(=C[N+](=O)[O-])NCCSCC1=CC=C(O1)CN(C)C
67,CID000005005,CCOC(=O)C(CCC1=CC=CC=C1)NC(C)C(=O)N2CC3=CC=CC=C3CC2C(=O)O
68,CID005493444,CC(C)C(CC1=CC(=C(C=C1)OC)OCCCOC)CC(C(CC(C(C)C)C(=O)NCC(C)(C)C(=O)N)O)N
69,CID000003261,C1C2=NN=CN2C3=C(C=C(C=C3)Cl)C(=N1)C4=CC=CC=C4
70,CID000003746,CC(C)[N+]1(C2CCC1CC(C2)OC(=O)C(CO)C3=CC=CC=C3)C
71,CID000028112,[Li+].[AlH4-]
72,CID000002162,CCOC(=O)C1=C(NC(=C(C1C2=CC=CC=C2Cl)C(=O)OC)C)COCCN
73,CID000003386,CNCCC(C1=CC=CC=C1)OC2=CC=C(C=C2)C(F)(F)F
74,CID000004259,COC1=C2C(=CC(=C1N3CC4CCCNC4C3)F)C(=O)C(=CN2C5CC5)C(=O)O
75,CID000119607,CC1=C(C(=NO1)C2=CC=CC=C2)C3=CC=C(C=C3)S(=O)(=O)N
76,CID000087177,C(C1C(C(C(C(O1)OC(C(CO)O)C(C(=O)CO)O)O)O)O)O
77,CID000003957,CCOC(=O)N1CCC(=C2C3=C(CCC4=C2N=CC=C4)C=C(C=C3)Cl)CC1
78,CID000004509,C1C(=O)NC(=O)N1N=CC2=CC=C(O2)[N+](=O)[O-]
79,CID000004595,CC1=NC=CN1CC2CCC3=C(C2=O)C4=CC=CC=C4N3C
80,CID000104865,CC(C)(C)C1=CC=C(C=C1)S(=O)(=O)NC2=C(C(=NC(=N2)C3=NC=CC=N3)OCCO)OC4=CC=CC=C4OC
81,CID000002666,CC1=C(N2C(C(C2=O)NC(=O)C(C3=CC=CC=C3)N)SC1)C(=O)O
82,CID000003007,CC(CC1=CC=CC=C1)N
83,CID000004506,C1C(=O)NC2=C(C=C(C=C2)[N+](=O)[O-])C(=N1)C3=CC=CC=C3
84,CID000003559,C1CN(CCC1(C2=CC=C(C=C2)Cl)O)CCCC(=O)C3=CC=C(C=C3)F
85,CID000004909,CCC1(C(=O)NCNC1=O)C2=CC=CC=C2
86,CID000060831,C[N+]1(C2CC(CC1C3C2O3)OC(=O)C(C4=CC=CS4)(C5=CC=CS5)O)C
87,CID000002520,CC(C)C(CCCN(C)CCC1=CC(=C(C=C1)OC)OC)(C#N)C2=CC(=C(C=C2)OC)OC
88,CID000060852,CCCCCN(C)CCC(O)(P(=O)(O)O)P(=O)(O)O
89,CID000060854,C1CN(CCN1CCC2=C(C=C3C(=C2)CC(=O)N3)Cl)C4=NSC5=CC=CC=C54
90,CID000004889,CCC(C)C(=O)OC1CC(C=C2C1C(C(C=C2)C)CCC(CC(CC(=O)O)O)O)O
91,CID000003958,C1=CC=C(C(=C1)C2=NC(C(=O)NC3=C2C=C(C=C3)Cl)O)Cl
92,CID005353980,C1=CC=NC(=C1)NS(=O)(=O)C2=CC=C(C=C2)NN=C3C=CC(=O)C(=C3)C(=O)O
93,CID000005505,CCCCNC(=O)NS(=O)(=O)C1=CC=C(C=C1)C
94,CID000216326,C1CC(=O)NC(=O)C1N2CC3=C(C2=O)C=CC=C3N
95,CID000038904,C1CC(C1)(C(=O)O)C(=O)O.N.N.[Pt]
96,CID005281007,CN(C)NN=C1C(=NC=N1)C(=O)N
97,CID000004485,CC1=C(C(C(=C(N1)C)C(=O)OC)C2=CC=CC=C2[N+](=O)[O-])C(=O)OC
98,CID000004539,CCN1C=C(C(=O)C2=CC(=C(C=C21)N3CCNCC3)F)C(=O)O
99,CID000005245,C1=CC(=CN=C1)CC(O)(P(=O)(O)O)P(=O)(O)O
100,CID000176870,COCCOC1=C(C=C2C(=C1)C(=NC=N2)NC3=CC=CC(=C3)C#C)OCCOC
101,CID000039765,CC(=O)OC1CC2CCC3C(C2(CC1N4CCCCC4)C)CCC5(C3CC(C5OC(=O)C)[N+]6(CCCCC6)C)C
102,CID000041774,CC1C(C(C(C(O1)OC2C(OC(C(C2O)O)OC3C(OC(C(C3O)O)O)CO)CO)O)O)NC4C=C(C(C(C4O)O)O)CO
103,CID000667490,C1=NC2=C(N1)C(=S)N=CN2
104,CID000004635,CN1CCC23C4C(=O)CCC2(C1CC5=C3C(=C(C=C5)OC)O4)O
105,CID000065999,CCCC1=NC2=C(N1CC3=CC=C(C=C3)C4=CC=CC=C4C(=O)O)C=C(C=C2C)C5=NC6=CC=CC=C6N5C
106,CID000005656,CN(C)CC(C1=CC=C(C=C1)OC)C2(CCCCC2)O
107,CID000005650,CCCCC(=O)N(CC1=CC=C(C=C1)C2=CC=CC=C2C3=NNN=N3)C(C(C)C)C(=O)O
108,CID000005651,CC1C(C(CC(O1)OC2C(C(C(OC2OC3=C4C=C5C=C3OC6=C(C=C(C=C6)C(C(C(=O)NC(C(=O)NC5C(=O)NC7C8=CC(=C(C=C8)O)C9=C(C=C(C=C9O)O)C(NC(=O)C(C(C1=CC(=C(O4)C=C1)Cl)O)NC7=O)C(=O)O)CC(=O)N)NC(=O)C(CC(C)C)NC)O)Cl)CO)O)O)(C)N)O
109,CID000004510,C(C(CO[N+](=O)[O-])O[N+](=O)[O-])O[N+](=O)[O-]
110,CID000002554,C1=CC=C2C(=C1)C=CC3=CC=CC=C3N2C(=O)N
111,CID000005717,CC1=CC=CC=C1S(=O)(=O)NC(=O)C2=CC(=C(C=C2)CC3=CN(C4=C3C=C(C=C4)NC(=O)OC5CCCC5)C)OC
112,CID000002650,CC(C)(C(=O)O)ON=C(C1=CSC(=N1)N)C(=O)NC2C3N(C2=O)C(=C(CS3)C[N+]4=CC=CC=C4)C(=O)[O-]
113,CID000003222,CCOC(=O)C(CCC1=CC=CC=C1)NC(C)C(=O)N2CCCC2C(=O)O
114,CID000003749,CCCCC1=NC2(CCCC2)C(=O)N1CC3=CC=C(C=C3)C4=CC=CC=C4C5=NNN=N5
115,CID000004201,C1CCN(CC1)C2=NC(=N)N(C(=C2)N)O
116,CID000003440,C1=COC(=C1)CNC2=CC(=C(C=C2C(=O)O)S(=O)(=O)N)Cl
117,CID005481350,CC(C)OC(=O)OCOP(=O)(COC(C)CN1C=NC2=C(N=CN=C21)N)OCOC(=O)OC(C)C
118,CID000002909,CCC1C(=O)N(CC(=O)N(C(C(=O)NC(C(=O)N(C(C(=O)NC(C(=O)NC(C(=O)N(C(C(=O)N(C(C(=O)N(C(C(=O)N(C(C(=O)N1)C(C(C)CC=CC)O)C)C(C)C)C)CC(C)C)C)CC(C)C)C)C)C)CC(C)C)C)C(C)C)CC(C)C)C)C
119,CID000057469,CC(C)CN1C=NC2=C1C3=CC=CC=C3N=C2N
120,CID000003075,CC(=O)OC1C(SC2=CC=CC=C2N(C1=O)CC[NH+](C)C)C3=CC=C(C=C3)OC
121,CID000027661,C1C(C2C(O1)C(CO2)O[N+](=O)[O-])O
122,CID000005647,CC(C)C(C(=O)OCCOCN1C=NC2=C1NC(=NC2=O)N)N
123,CID000123620,CC1CC2C3CCC4=CC(=O)C=CC4(C3(C(CC2(C1(C(=O)CCl)O)C)O)Cl)C
124,CID000000271,[Ca+2]
125,CID000002405,CC(C)NCC(COC1=CC=C(C=C1)COCCOC(C)C)O
126,CID000003016,CN1C(=O)CN=C(C2=C1C=CC(=C2)Cl)C3=CC=CC=C3
127,CID000004189,C1=CC(=C(C=C1Cl)Cl)COC(CN2C=CN=C2)C3=C(C=C(C=C3)Cl)Cl
128,CID000003750,CCC1=C2CN3C(=CC4=C(C3=O)COC(=O)C4(CC)O)C2=NC5=C1C=C(C=C5)OC(=O)N6CCC(CC6)N7CCCCC7
129,CID000004666,CC1=C2C(C(=O)C3(C(CC4C(C3C(C(C2(C)C)(CC1OC(=O)C(C(C5=CC=CC=C5)NC(=O)C6=CC=CC=C6)O)O)OC(=O)C7=CC=CC=C7)(CO4)OC(=O)C)O)C)OC(=O)C
130,CID000004173,CC1=NC=C(N1CCO)[N+](=O)[O-]
131,CID000005538,CC1=C(C(CCC1)(C)C)C=CC(=CC=CC(=CC(=O)O)C)C
132,CID000004159,CC1CC2C3CCC(C3(CC(C2C4(C1=CC(=O)C=C4)C)O)C)(C(=O)CO)O
133,CID005311297,CC(C)(C1=CC=CC=C1CCC(C2=CC=CC(=C2)C=CC3=NC4=C(C=CC(=C4)Cl)C=C3)S)O
134,CID000001065,COC1=CC2=C(C=CN=C2C=C1)C(C3CC4CCN3CC4C=C)O
135,CID000002576,CCCC(C)(COC(=O)N)COC(=O)NC(C)C
136,CID000002541,CCOC1=NC2=CC=CC(=C2N1CC3=CC=C(C=C3)C4=CC=CC=C4C5=NNN=N5)C(=O)O
137,CID000002585,COC1=CC=CC=C1OCCNCC(COC2=CC=CC3=C2C4=CC=CC=C4N3)O
138,CID000004543,CNCCC=C1C2=CC=CC=C2CCC3=CC=CC=C31
139,CID000004599,CCCCCCCCCCCC(CC1C(C(=O)O1)CCCCCC)OC(=O)C(CC(C)C)NC=O
140,CID000019090,CC1=CC2C(CCC3(C2CCC3(C(=O)C)O)C)C4(C1=CC(=O)CC4)C
141,CID000003640,CC12CCC(=O)C=C1CCC3C2C(CC4(C3CCC4(C(=O)CO)O)C)O
142,CID000005512,CC1=CC(=C(C=C1)O)C(CCN(C(C)C)C(C)C)C2=CC=CC=C2
143,CID000005533,C1CN(CCN1CCCN2C(=O)N3C=CC=CC3=N2)C4=CC(=CC=C4)Cl
144,CID000077999,CN(CCOC1=CC=C(C=C1)CC2C(=O)NC(=O)S2)C3=CC=CC=N3
145,CID000002022,C1=NC2=C(N1COCCO)NC(=NC2=O)N
146,CID000002092,CN(CCCNC(=O)C1CCCO1)C2=NC3=CC(=C(C=C3C(=N2)N)OC)OC
147,CID000000206,C(C1C(C(C(C(O1)O)O)O)O)O
148,CID000003793,CCC(C)N1C(=O)N(C=N1)C2=CC=C(C=C2)N3CCN(CC3)C4=CC=C(C=C4)OCC5COC(O5)(CN6C=NC=N6)C7=C(C=C(C=C7)Cl)Cl
149,CID000036339,CCOC(=O)C1=CN=CN1C(C)C2=CC=CC=C2
150,CID000000450,CC12CCC3C(C1CCC2O)CCC4=C3C=CC(=C4)O
151,CID000002678,C1CN(CCN1CCOCC(=O)O)C(C2=CC=CC=C2)C3=CC=C(C=C3)Cl
152,CID000004927,CC(CN1C2=CC=CC=C2SC3=CC=CC=C31)N(C)C
153,CID000002756,CC1=C(N=CN1)CSCCNC(=NC)NC#N
154,CID000002803,C1CN=C(N1)NC2=C(C=CC=C2Cl)Cl
155,CID000005672,CCC1=CC2CC(C3=C(CN(C2)C1)C4=CC=CC=C4N3)(C5=C(C=C6C(=C5)C78CCN9C7C(C=CC9)(C(C(C8N6C)(C(=O)OC)O)OC(=O)C)CC)OC)C(=O)OC
156,CID000060835,CNCCC(C1=CC=CS1)OC2=CC=CC3=CC=CC=C32
157,CID000005530,C1C(C1N)C2=CC=CC=C2
158,CID000003657,C(=O)(N)NO
159,CID000003890,CC(C)OC(=O)CCCC=CCC1C(CC(C1CCC(CCC2=CC=CC=C2)O)O)O
160,CID004475485,CC(C)C1=NC(=NC(=C1CCC(CC(CC(=O)O)O)O)C2=CC=C(C=C2)F)N(C)S(=O)(=O)C
161,CID000002088,C(CC(O)(P(=O)(O)O)P(=O)(O)O)CN
162,CID000156419,CC(C1=CC=CC2=CC=CC=C21)NCCCC3=CC(=CC=C3)C(F)(F)F
163,CID000004034,CC1=CC(=CC=C1)CN2CCN(CC2)C(C3=CC=CC=C3)C4=CC=C(C=C4)Cl
164,CID000004451,CC1=C(C=CC=C1O)C(=O)NC(CSC2=CC=CC=C2)C(CN3CC4CCCCC4CC3C(=O)NC(C)(C)C)O
165,CID000002891,CC1=CC2=C(C=C1C)N(C=N2)C3C(C(C(O3)CO)OP(=O)(O)OC(C)CNC(=O)CCC4(C(C5C6(C(C(C(=N6)C(=C7C(C(C(=N7)C=C8C(C(C(=N8)C(=C4[N-]5)C)CCC(=O)N)(C)C)CCC(=O)N)(C)CC(=O)N)C)CCC(=O)N)(C)CC(=O)N)C)CC(=O)N)C)O.[C-]#N.[Co+2]
166,CID000060865,CN(C)CCC=C1C2=CC=CC=C2COC3=C1C=C(C=C3)CC(=O)O
167,CID000004893,COC1=C(C=C2C(=C1)C(=NC(=N2)N3CCN(CC3)C(=O)C4=CC=CO4)N)OC
168,CID000005358,CNS(=O)(=O)CC1=CC2=C(C=C1)NC=C2CCN(C)C
169,CID000004894,CC12CC(C3C(C1CCC2(C(=O)CO)O)CCC4=CC(=O)C=CC34C)O
170,CID000005234,[Na+].[Cl-]
171,CID000002578,C(CCl)NC(=O)N(CCCl)N=O
172,CID006447131,CCC1C=C(CC(CC(C2C(CC(C(O2)(C(=O)C(=O)N3CCCCC3C(=O)OC(C(C(CC1=O)O)C)C(=CC4CCC(C(C4)OC)Cl)C)O)C)OC)OC)C)C
173,CID000002118,CC1=NN=C2N1C3=C(C=C(C=C3)Cl)C(=NC2)C4=CC=CC=C4
174,CID000003715,CC1=C(C2=C(N1C(=O)C3=CC=C(C=C3)Cl)C=CC(=C2)OC)CC(=O)O
175,CID000004264,CC(C1C(O1)CC2COC(C(C2O)O)CC(=CC(=O)OCCCCCCCCC(=O)O)C)C(C)O
176,CID000003062,CC1C(C(CC(O1)OC2C(OC(CC2O)OC3C(OC(CC3O)OC4CCC5(C(C4)CCC6C5CC(C7(C6(CCC7C8=CC(=O)OC8)O)C)O)C)C)C)O)O
177,CID000003825,CC(C1=CC(=CC=C1)C(=O)C2=CC=CC=C2)C(=O)O
178,CID000004052,CC1=CN=C(S1)NC(=C2C(=O)C3=CC=CC=C3S(=O)(=O)N2C)O
179,CID000002487,C1CCC2(C3CC4=C(C2(C1)CCN3CC5CCC5)C=C(C=C4)O)O
180,CID000216239,CNC(=O)C1=NC=CC(=C1)OC2=CC=C(C=C2)NC(=O)NC3=CC(=C(C=C3)Cl)C(F)(F)F
181,CID000003152,COC1=C(C=C2C(=C1)CC(C2=O)CC3CCN(CC3)CC4=CC=CC=C4)OC
182,CID000027686,C1=CC2=C(C(=C1)OCC(COC3=CC4=C(C=C3)OC(=CC4=O)C(=O)O)O)C(=O)C=C(O2)C(=O)O
183,CID000004723,C1=CC=C(C=C1)C2C(=O)N=C(O2)N
184,CID000003883,CC1=C(C=CN=C1CS(=O)C2=NC3=CC=CC=C3N2)OCC(F)(F)F
185,CID000003157,COC1=C(C=C2C(=C1)C(=NC(=N2)N3CCN(CC3)C(=O)C4COC5=CC=CC=C5O4)N)OC
186,CID000003154,CCNC1CC(S(=O)(=O)C2=C1C=C(S2)S(=O)(=O)N)C
187,CID000000214,CCCCCC(C=CC1C(CC(=O)C1CCCCCCC(=O)O)O)O
188,CID000003003,CC1CC2C3CCC4=CC(=O)C=CC4(C3(C(CC2(C1(C(=O)CO)O)C)O)F)C
189,CID000003158,CN(C)CCC=C1C2=CC=CC=C2COC3=CC=CC=C31
190,CID000003333,CCOC(=O)C1=C(NC(=C(C1C2=C(C(=CC=C2)Cl)Cl)C(=O)OC)C)C
191,CID006398970,C=CC1=C(N2C(C(C2=O)NC(=O)C(=NO)C3=CSC(=N3)N)SC1)C(=O)O
192,CID000003648,CN1CCC23C4C1CC5=C2C(=C(C=C5)O)OC3C(=O)CC4
193,CID000000772,CC(=O)NC1C(C(C(OC1O)COS(=O)(=O)O)OC2C(C(C(C(O2)C(=O)O)OC3C(C(C(C(O3)CO)OC4C(C(C(C(O4)C(=O)O)O)O)OS(=O)(=O)O)OS(=O)(=O)O)NS(=O)(=O)O)O)OS(=O)(=O)O)O
194,CID003081884,CC(C(=O)O)N.CC(=O)O.C1=CC(=CC=C1CC(C(=O)O)N)O.C(CCN)CC(C(=O)O)N.C(CC(=O)O)C(C(=O)O)N
195,CID000005544,CC12CC(C3(C(C1CC(C2(C(=O)CO)O)O)CCC4=CC(=O)C=CC43C)F)O
196,CID000003365,C1=CC(=C(C=C1F)F)C(CN2C=NC=N2)(CN3C=NC=N3)O
197,CID000060147,CCOC1=CC=CC=C1OCCNC(C)CC2=CC(=C(C=C2)OC)S(=O)(=O)N
198,CID000002609,C1C(=C(N2C(S1)C(C2=O)NC(=O)C(C3=CC=CC=C3)N)C(=O)O)Cl
199,CID000004594,CC1=CN=C(C(=C1OC)C)CS(=O)C2=NC3=C(N2)C=C(C=C3)OC
200,CID000002656,CN1C(=NC(=O)C(=N1)[O-])SCC2=C(N3C(C(C3=O)NC(=O)C(=NOC)C4=CSC(=N4)N)SC2)C(=O)[O-]
201,CID000002662,CC1=CC=C(C=C1)C2=CC(=NN2C3=CC=C(C=C3)S(=O)(=O)N)C(F)(F)F
202,CID000003661,CN1C2CCC1CC(C2)OC(=O)C(CO)C3=CC=CC=C3
203,CID000004419,C1CC(C1)CN2CCC34C5C(CCC3(C2CC6=C4C(=C(C=C6)O)O5)O)O
204,CID000004679,COC1=C(C(=NC=C1)CS(=O)C2=NC3=C(N2)C=C(C=C3)OC(F)F)OC
205,CID000005210,CC(C)CC(C1(CCC1)C2=CC=C(C=C2)Cl)N(C)C
206,CID000005203,CNC1CCC(C2=CC=CC=C12)C3=CC(=C(C=C3)Cl)Cl
207,CID000003043,C1CC(OC1CO)N2C=NC3=C2NC=NC3=O
208,CID000124087,C1CC2=C(C=CC(=C2)Cl)C(=C3CCNCC3)C4=C1C=CC=N4
209,CID000003516,COC1=CC=CC=C1OCC(CO)O
210,CID000003510,CN1C2CCCC1CC(C2)NC(=O)C3=NN(C4=CC=CC=C43)C
211,CID000005040,CC1CCC2CC(C(=CC=CC=CC(CC(C(=O)C(C(C(=CC(C(=O)CC(OC(=O)C3CCCCN3C(=O)C(=O)C1(O2)O)C(C)CC4CCC(C(C4)OC)O)C)C)O)OC)C)C)C)OC
212,CID000152945,CC12CCC3C(C1CCC2C(=O)NC4=C(C=CC(=C4)C(F)(F)F)C(F)(F)F)CCC5C3(C=CC(=O)N5)C
213,CID000003404,COCCCCC(=NOCCN)C1=CC=C(C=C1)C(F)(F)F
214,CID000003324,CC(=O)OCC(CCN1C=NC2=CN=C(N=C21)N)COC(=O)C
215,CID000003325,C1=C(N=C(S1)N=C(N)N)CSCCC(=NS(=O)(=O)N)N
216,CID000004900,CC12CC(=O)C3C(C1CCC2(C(=O)CO)O)CCC4=CC(=O)C=CC34C
217,CID000004856,CN1C(=C(NC2=CC=CC=N2)O)C(=O)C3=CC=CC=C3S1(=O)=O
218,CID000122316,C#CCNC1CCC2=CC=CC=C12
219,CID000004054,CC12CC3CC(C1)(CC(C3)(C2)N)C
220,CID000003255,CCC1C(C(C(C(=O)C(CC(C(C(C(C(C(=O)O1)C)OC2CC(C(C(O2)C)O)(C)OC)C)OC3C(C(CC(O3)C)N(C)C)O)(C)O)C)C)O)(C)O
221,CID000005077,CCN(C)C(=O)OC1=CC=CC(=C1)C(C)N(C)C
222,CID000005095,CCCN(CCC)CCC1=C2CC(=O)NC2=CC=C1
223,CID000003878,C1=CC(=C(C(=C1)Cl)Cl)C2=C(N=C(N=N2)N)N
224,CID000004058,CCOC(=O)C1(CCN(CC1)C)C2=CC=CC=C2
225,CID000002244,CC(=O)OC1=CC=CC=C1C(=O)O
226,CID000054374,CC(C1C(=O)NC(CSSCC(C(=O)NC(C(=O)NC(C(=O)NC(C(=O)N1)CCCCN)CC2=CNC3=CC=CC=C32)CC4=CC=CC=C4)NC(=O)C(CC5=CC=CC=C5)N)C(=O)NC(CO)C(C)O)O
227,CID000060843,C1=CC(=CC=C1CCC2=CNC3=C2C(=O)N=C(N3)N)C(=O)NC(CCC(=O)O)C(=O)O
228,CID000160051,CCCCCCCCCCNCC=C.C[N+](C)(C)CCCCCCNCC=C.C=CCN.C1C(O1)CCl.Cl.[Cl-]
229,CID000002771,CN(C)CCCC1(C2=C(CO1)C=C(C=C2)C#N)C3=CC=C(C=C3)F
230,CID000005735,CN1CCN(CC1)C(=O)OC2C3=NC=CN=C3C(=O)N2C4=NC=C(C=C4)Cl
231,CID000003279,CCC(CO)NCCNC(CC)CO
232,CID005311039,CCC(C)CC(C)CCCCCCCCC(=O)NC1CC(C(NC(=O)C2CCCN2C(=O)C(NC(=O)C(NC(=O)C3CC(CN3C(=O)C(NC1=O)C(C)O)O)C(C(C4=CC=C(C=C4)O)O)O)C(CCN)O)NCCN)O
233,CID000004253,CN1CCC23C4C1CC5=C2C(=C(C=C5)O)OC3C(C=C4)O
234,CID000004497,CC1=C(C(C(=C(N1)C)C(=O)OC(C)C)C2=CC(=CC=C2)[N+](=O)[O-])C(=O)OCCOC
235,CID004659568,CCN(CC)C(=O)C(=CC1=CC(=C(C(=C1)O)O)[N+](=O)[O-])C#N
236,CID000005732,CC1=CC=C(C=C1)C2=C(N3C=C(C=CC3=N2)C)CC(=O)N(C)C
237,CID000004499,CC1=C(C(C(=C(N1)C)C(=O)OCC(C)C)C2=CC=CC=C2[N+](=O)[O-])C(=O)OC
238,CID000062924,CC1CC2C3CC(C4=CC(=O)C=CC4(C3(C(CC2(C1(C(=O)SCF)O)C)O)F)C)F
239,CID000000453,C(C(C(C(C(CO)O)O)O)O)O
240,CID000000159,CCCCCC(C=CC1C(CC2C1CC(=CCCCC(=O)O)O2)O)O
241,CID000005035,C1CCN(CC1)CCOC2=CC=C(C=C2)C(=O)C3=C(SC4=C3C=CC(=C4)O)C5=CC=C(C=C5)O
242,CID000163742,COC1C(C(C(C(O1)COS(=O)(=O)O)OC2C(C(C(C(O2)C(=O)O)OC3C(C(C(C(O3)COS(=O)(=O)O)OC4C(C(C(C(O4)C(=O)O)OC5C(C(C(C(O5)COS(=O)(=O)O)O)O)NS(=O)(=O)O)O)O)OS(=O)(=O)O)NS(=O)(=O)O)O)OS(=O)(=O)O)O)NS(=O)(=O)O
243,CID000003419,CCC(=O)OC(C(C)C)OP(=O)(CCCCC1=CC=CC=C1)CC(=O)N2CC(CC2C(=O)[O-])C3CCCCC3
244,CID000443871,CC(C)C1CCCC(C1)C(=O)NC(CC2=CC=CC=C2)C(=O)O
245,CID000002800,CCN(CC)CCOC1=CC=C(C=C1)C(=C(C2=CC=CC=C2)Cl)C3=CC=CC=C3
246,CID000002806,COC(=O)C(C1=CC=CC=C1Cl)N2CCC3=C(C2)C=CS3
247,CID000005379,CC1CN(CCN1)C2=C(C=C3C(=C2OC)N(C=C(C3=O)C(=O)O)C4CC4)F
248,CID000054688,CCC1C(C(C(C(=O)C(CC(C(C(C(C(C(=O)O1)C)OC2CC(C(C(O2)C)O)(C)OC)C)OC3C(C(CC(O3)C)N(C)C)O)(C)OC)C)C)O)(C)O
249,CID000012536,CC1(OC2CC3C4CCC5=CC(=O)C=CC5(C4C(CC3(C2(O1)C(=O)CO)C)O)C)C
250,CID000123606,CN(C)CCC1=CNC2=C1C=C(C=C2)CS(=O)(=O)N3CCCC3
251,CID000004463,CC1=C2C(=NC=C1)N(C3=C(C=CC=N3)C(=O)N2)C4CC4
252,CID000005487,C1CN=C(N1)NC2=C(C=CC3=NSN=C32)Cl
253,CID000036811,CC(CCC1=CC=C(C=C1)O)NCCC2=CC(=C(C=C2)O)O
254,CID000005734,C1=CC=C2C(=C1)C(=NO2)CS(=O)(=O)N
255,CID000003463,CC1=CC(=C(C=C1)C)OCCCC(C)(C)C(=O)O
256,CID000004583,CC1COC2=C3N1C=C(C(=O)C3=CC(=C2N4CCN(CC4)C)F)C(=O)O
257,CID000000598,C(CS(=O)(=O)O)S
258,CID000002284,C1=CC(=CC=C1C(CC(=O)O)CN)Cl
259,CID000005029,CC1=C(C=CN=C1CS(=O)C2=NC3=CC=CC=C3N2)OCCCOC
260,CID000003639,C1NC2=CC(=C(C=C2S(=O)(=O)N1)S(=O)(=O)N)Cl
261,CID003085017,C=CCN.C1C(O1)CCl
262,CID005281104,CC(C=CC(C)C(C)(C)O)C1CCC2C1(CCCC2=CC=C3CC(CC(C3)O)O)C
263,CID000004829,CCC1=CN=C(C=C1)CCOC2=CC=C(C=C2)CC3C(=O)NC(=O)S3
264,CID000003385,C1=C(C(=O)NC(=O)N1)F
265,CID000060198,CC12CCC3C(C1CCC2=O)CC(=C)C4=CC(=O)C=CC34C
266,CID000005195,CC(CC1=CC=CC=C1)N(C)CC#C
267,CID000003203,C1CC1C#CC2(C3=C(C=CC(=C3)Cl)NC(=O)O2)C(F)(F)F
268,CID000003877,C1C(OC(S1)CO)N2C=CC(=NC2=O)N
269,CID000003954,CN(C)C(=O)C(CC[NH+]1CCC(CC1)(C2=CC=C(C=C2)Cl)O)(C3=CC=CC=C3)C4=CC=CC=C4
270,CID000002153,CN1C2=C(C(=O)N(C1=O)C)NC=N2
271,CID000077993,CN1CCCC1CC2=CNC3=C2C=C(C=C3)CCS(=O)(=O)C4=CC=CC=C4
272,CID000002732,C1=CC=C2C(=C1)C(=O)NC2(C3=CC(=C(C=C3)Cl)S(=O)(=O)N)O
273,CID000005155,CC1=CN(C(=O)NC1=O)C2C=CC(O2)CO
274,CID000005152,C1=CC=C(C=C1)CCCCOCCCCCCNCC(C2=CC(=C(C=C2)O)CO)O
275,CID003468412,CC1C=CC=CCCC=CC=CC=CC=CC(CC(C(C(CC(=O)CC(C(CCC(CC(CC(CC(=O)OC(C(C1O)C)C)O)O)O)O)O)O)C(=O)O)O)OC2C(C(C(C(O2)C)O)N)O
276,CID000005645,CC(CCC(=O)O)C1CCC2C1(CCC3C2C(CC4C3(CCC(C4)O)C)O)C
277,CID000071616,CC(C1=NC=NC=C1F)C(CN2C=NC=N2)(C3=C(C=C(C=C3)F)F)O
278,CID000074989,C1CC(CCC1C2=CC=C(C=C2)Cl)C3=C(C4=CC=CC=C4C(=O)C3=O)O
279,CID000003676,CCN(CC)CC(=O)NC1=C(C=CC=C1C)C
280,CID000003367,C1=NC2=C(N=C(N=C2N1C3C(C(C(O3)CO)O)O)F)N
281,CID000003672,CC(C)CC1=CC=C(C=C1)C(C)C(=O)O
282,CID000003734,CC(C(=O)NC1=C(C(=C(C(=C1I)C(=O)NC(CO)CO)I)C(=O)NC(CO)CO)I)O
283,CID000003736,CN(CC(CO)O)C(=O)C1=C(C(=C(C(=C1I)C(=O)NCC(CO)O)I)NC(=O)COC)I
284,CID000003730,CC(=O)N(CC(CO)O)C1=C(C(=C(C(=C1I)C(=O)NCC(CO)O)I)C(=O)NCC(CO)O)I
285,CID000002726,CN(C)CCCN1C2=CC=CC=C2SC3=C1C=C(C=C3)Cl
286,CID000003393,CCN(CC)CCN1C(=O)CN=C(C2=C1C=CC(=C2)Cl)C3=CC=CC=C3F
287,CID000004999,C1C(=S)N(C2=C(C=C(C=C2)Cl)C(=N1)C3=CC=CC=C3F)CC(F)(F)F
288,CID005329102,CCN(CC)CCNC(=O)C1=C(NC(=C1C)C=C2C3=C(C=CC(=C3)F)NC2=O)C
289,CID000004547,CCOC1=C(C=CC(=C1)CC(=O)NC(CC(C)C)C2=CC=CC=C2N3CCCCC3)C(=O)O
290,CID000004691,C1CNCC(C1C2=CC=C(C=C2)F)COC3=CC4=C(C=C3)OCO4
291,CID000002471,CCCCNC1=C(C(=CC(=C1)C(=O)O)S(=O)(=O)N)OC2=CC=CC=C2
292,CID000003305,CC(O)(P(=O)(O)O)P(=O)(O)O
293,CID000002631,CC(=O)OCC1=C(N2C(C(C2=O)NC(=O)C(=NOC)C3=CSC(=N3)N)SC1)C(=O)[O-]
294,CID000003410,CC(CC1=CC=C(C=C1)OC)NCC(C2=CC(=C(C=C2)O)NC=O)O
295,CID000003449,CN1CCC23C=CC(CC2OC4=C(C=CC(=C34)C1)OC)O
296,CID000002083,CC(C)(C)NCC(C1=CC(=C(C=C1)O)CO)O
297,CID000001690,CC1C(C(CC(O1)OC2CC(CC3=C2C(=C4C(=C3O)C(=O)C5=C(C4=O)C(=CC=C5)OC)O)(C(=O)CO)O)[NH3+])O
298,CID000005731,CN(C)CCC1=CNC2=C1C=C(C=C2)CC3COC(=O)N3
299,CID000004046,C1CCNC(C1)C(C2=CC(=NC3=C2C=CC=C3C(F)(F)F)C(F)(F)F)O
300,CID000001972,CC1C=CC=CC=CC=CC=CC=CC=CC(CC2C(C(CC(O2)(CC(CC(C(CCC(CC(CC(=O)OC(C(C1O)C)C)O)O)O)O)O)O)O)C(=O)O)OC3C(C(C(C(O3)C)O)N)O
301,CID000002171,CC1(C(N2C(S1)C(C2=O)NC(=O)C(C3=CC=C(C=C3)O)N)C(=O)O)C
302,CID000003403,CC(C)N1C2=CC=CC=C2C(=C1C=CC(CC(CC(=O)O)O)O)C3=CC=C(C=C3)F
303,CID000005746,CC1=C(C(=O)C2=C(C1=O)N3CC4C(C3(C2COC(=O)N)OC)N4)N
304,CID000005978,CCC1(CC2CC(C3=C(CCN(C2)C1)C4=CC=CC=C4N3)(C5=C(C=C6C(=C5)C78CCN9C7C(C=CC9)(C(C(C8N6C=O)(C(=O)OC)O)OC(=O)C)CC)OC)C(=O)OC)O
305,CID000000444,CC(C(=O)C1=CC(=CC=C1)Cl)NC(C)(C)C
306,CID000153941,C=C1C(CC(C1CO)O)N2C=NC3=C2NC(=NC3=O)N
307,CID000004075,C1=CC(=C(C=C1N)C(=O)O)O
308,CID000003675,C1=CC=C(C=C1)CCNN
309,CID000004585,CC1=CC2=C(NC3=CC=CC=C3N=C2S1)N4CCN(CC4)C
310,CID000005078,CN(C)CCC1=CNC2=C1C=C(C=C2)CN3C=NC=N3
311,CID000041693,CCC(=O)N(C1=CC=CC=C1)C2(CCN(CC2)CCC3=CC=CS3)COC
312,CID000041781,CC1=CC(=CC=C1)NC2=C(C=NC=C2)S(=O)(=O)NC(=O)NC(C)C
313,CID000003869,CC(CCC1=CC=CC=C1)NCC(C2=CC(=C(C=C2)O)C(=O)N)O
314,CID000005372,CC1CC(C2C(CC(C(O2)(C(=O)C(=O)N3CCCCC3C(=O)OC(C(C(CC(=O)C(C=C(C1)C)CC=C)O)C)C(=CC4CCC(C(C4)OC)O)C)O)C)OC)OC
315,CID000003961,CCCCC1=NC(=C(N1CC2=CC=C(C=C2)C3=CC=CC=C3C4=NNN=N4)CO)Cl
316,CID000213039,CC(C)CN(CC(C(CC1=CC=CC=C1)NC(=O)OC2COC3C2CCO3)O)S(=O)(=O)C4=CC=C(C=C4)N
317,CID000004991,C[N+]1=CC=CC(=C1)OC(=O)N(C)C
318,CID000004091,CN(C)C(=N)N=C(N)N
319,CID000005496,C1C(C(C(C(C1N)OC2C(C(C(C(O2)CO)O)N)O)O)OC3C(CC(C(O3)CN)O)N)N
320,CID000001117,[O-]S(=O)(=O)[O-]
321,CID000005076,CC(C)C1=NC(=CS1)CN(C)C(=O)NC(C(C)C)C(=O)NC(CC2=CC=CC=C2)CC(C(CC3=CC=CC=C3)NC(=O)OCC4=CN=CS4)O
322,CID000003962,CCC(C)C(=O)OC1CC(C=C2C1C(C(C=C2)C)CCC3CC(CC(=O)O3)O)C
323,CID000003355,C1CCNC(C1)C[NH2+]C(=O)C2=C(C=CC(=C2)OCC(F)(F)F)OCC(F)(F)F
324,CID000002719,CCN(CC)CCCC(C)NC1=C2C=CC(=CC2=NC=C1)Cl
325,CID000002712,CN=C1CN(C(=C2C=C(C=CC2=N1)Cl)C3=CC=CC=C3)O
326,CID000002713,C1=CC(=CC=C1NC(=NC(=NCCCCCCN=C(N)N=C(N)NC2=CC=C(C=C2)Cl)N)N)Cl
327,CID000657298,CCCC1=CC(=O)NC(=S)N1
328,CID000091270,CCOC(=O)C(CCC1=CC=CC=C1)NC(C)C(=O)N2CC3=CC(=C(C=C3CC2C(=O)O)OC)OC
329,CID000004200,CN(C)C1C2CC3CC4=C(C=CC(=C4C(=C3C(=O)C2(C(=O)C(=C(N)O)C1=O)O)O)O)N(C)C
330,CID000005412,CC1(C2CC3C(C(=O)C(=C(N)O)C(=O)C3(C(=O)C2=C(C4=C1C=CC=C4O)O)O)N(C)C)O
331,CID000042113,C(C(F)(F)F)(OC(F)F)F
332,CID000003108,C1CCN(CC1)C2=NC(=NC3=C2N=C(N=C3N4CCCCC4)N(CCO)CCO)N(CCO)CCO
333,CID000002250,CC(C)C1=C(C(=C(N1CCC(CC(CC(=O)O)O)O)C2=CC=C(C=C2)F)C3=CC=CC=C3)C(=O)NC4=CC=CC=C4
334,CID000170361,C1C2CNCC1C3=CC4=NC=CN=C4C=C23
335,CID000002265,CN1C=NC(=C1SC2=NC=NC3=C2NC=N3)[N+](=O)[O-]
336,CID000002801,CN(C)CCCN1C2=CC=CC=C2CCC3=C1C=C(C=C3)Cl
337,CID000034312,C1C2=CC=CC=C2N(C3=CC=CC=C3C1=O)C(=O)N
338,CID000072054,C1CN(CC1C(C2=CC=CC=C2)(C3=CC=CC=C3)C(=O)N)CCC4=CC5=C(C=C4)OCC5
339,CID000002749,CC1=CC(=O)N(C(=C1)C2CCCCC2)O
340,CID000004168,CCN(CC)CCNC(=O)C1=CC(=C(C=C1OC)N)Cl
341,CID000002720,C1=C2C(=CC(=C1Cl)S(=O)(=O)N)S(=O)(=O)N=CN2
342,CID000154059,C1CN2CCC1C(C2)OC(=O)N3CCC4=CC=CC=C4C3C5=CC=CC=C5
343,CID000005394,CN1C(=O)N2C=NC(=C2N=N1)C(=O)N
344,CID000004634,CCN(CC)CC#CCOC(=O)C(C1CCCCC1)(C2=CC=CC=C2)O
345,CID000002764,C1CC1N2C=C(C(=O)C3=CC(=C(C=C32)N4CCNCC4)F)C(=O)O
346,CID000000942,CN1CCCC1C2=CN=CC=C2
347,CID000002160,CN(C)CCC=C1C2=CC=CC=C2CCC3=CC=CC=C31
348,CID000004211,C1=CC=C(C(=C1)C(C2=CC=C(C=C2)Cl)C(Cl)Cl)Cl
349,CID000004170,CC1NC2=CC(=C(C=C2C(=O)N1C3=CC=CC=C3C)S(=O)(=O)N)Cl
350,CID000004171,CC(C)NCC(COC1=CC=C(C=C1)CCOC)O
351,CID000002550,CC(CS)C(=O)N1CCCC1C(=O)O
352,CID000004885,CCCNC1CCC2=C(C1)SC(=N2)N
353,CID000004616,C1=CC=C(C=C1)C2=NC(C(=O)NC3=C2C=C(C=C3)Cl)O
354,CID000004614,C1=CC=C(C=C1)C2=C(OC(=N2)CCC(=O)O)C3=CC=CC=C3
355,CID000003042,CCN(CC)CCOC(=O)C1(CCCCC1)C2CCCCC2
356,CID000005212,CCCC1=NN(C2=C1NC(=NC2=O)C3=C(C=CC(=C3)S(=O)(=O)N4CCN(CC4)C)OCC)C
357,CID000004609,C1CCC(C(C1)[NH-])[NH-].C(=O)(C(=O)O)O.[Pt+2]
358,CID000054547,COCC1=C(N2C(C(C2=O)NC(=O)C(=NOC)C3=CSC(=N3)N)SC1)C(=O)O
359,CID000001206,CC(CC1=CC=CC=C1)NC
360,CID000004603,CCC(CC)OC1C=C(CC(C1NC(=O)C)N)C(=O)OCC
361,CID005487301,CCCCCN=C(N)NNC=C1C=NC2=C1C=C(C=C2)CO
362,CID000047725,CC(C)CC(C(=O)NC(CCCN=C(N)N)C(=O)N1CCCC1C(=O)NNC(=O)N)NC(=O)C(COC(C)(C)C)NC(=O)C(CC2=CC=C(C=C2)O)NC(=O)C(CO)NC(=O)C(CC3=CNC4=CC=CC=C43)NC(=O)C(CC5=CN=CN5)NC(=O)C6CCC(=O)N6
363,CID000125017,CN(C)CC(C1=CC=C(C=C1)O)C2(CCCCC2)O
364,CID000004138,CC(CC1=CC(=C(C=C1)O)O)(C(=O)O)N
365,CID000005719,CCN(C1=CC=CC(=C1)C2=CC=NC3=C(C=NN23)C#N)C(=O)C
366,CID000005514,CC1(OC2COC3(C(C2O1)OC(O3)(C)C)COS(=O)(=O)N)C
367,CID000003394,CC(C1=CC(=C(C=C1)C2=CC=CC=C2)F)C(=O)O
368,CID000002311,CCOC(=O)C(CCC1=CC=CC=C1)NC2CCC3=CC=CC=C3N(C2=O)CC(=O)O
369,CID000003148,C1C2CC3CC(CC1N3CC2=O)OC(=O)C4=CNC5=CC=CC=C54
370,CID000147912,CCC(C(C)O)N1C(=O)N(C=N1)C2=CC=C(C=C2)N3CCN(CC3)C4=CC=C(C=C4)OCC5CC(OC5)(CN6C=NC=N6)C7=C(C=C(C=C7)F)F
371,CID000001775,C1=CC=C(C=C1)C2(C(=O)NC(=O)N2)C3=CC=CC=C3
372,CID000003767,C1=CN=CC=C1C(=O)NN
373,CID000002658,CON=C(C1=CC=CO1)C(=O)NC2C3N(C2=O)C(=C(CS3)COC(=O)N)C(=O)[O-]
374,CID000000861,C1=CC(=C(C=C1OC2=C(C=C(C=C2I)CC(C(=O)O)N)I)I)O
375,CID000002462,CCCC1OC2CC3C4CCC5=CC(=O)C=CC5(C4C(CC3(C2(O1)C(=O)CO)C)O)C
376,CID000125889,CC(C)CC(CC(=O)O)CN
377,CID000104741,CC12CCC3C(C1CCC2O)C(CC4=C3C=CC(=C4)O)CCCCCCCCCS(=O)CCCC(C(F)(F)F)(F)F
378,CID000056339,C1=CC=C(C=C1)C2(C(=O)N(C(=O)N2)COP(=O)(O)O)C3=CC=CC=C3
379,CID000003032,C1=CC=C(C(=C1)CC(=O)[O-])NC2=C(C=CC=C2Cl)Cl
380,CID000002187,CC(C)(C#N)C1=CC(=CC(=C1)CN2C=NC=N2)C(C)(C)C#N
381,CID000002267,CN1CCCC(CC1)N2C(=O)C3=CC=CC=C3C(=N2)CC4=CC=C(C=C4)Cl
382,CID000001546,C1C(C(OC1N2C=NC3=C(N=C(N=C32)Cl)N)CO)O
383,CID000002249,CC(C)NCC(COC1=CC=C(C=C1)CC(=O)N)O
384,CID005311082,C1CC2C(=O)NC3CSSCCC(=O)N(C3=O)C(C(=O)NCC(=O)NC(C(=O)NC(C(=O)N2C1)CC4=CNC5=CC=CC=C54)CC(=O)O)CCCCN=C(N)N
385,CID000003488,COC1=C(C=C(C=C1)Cl)C(=O)NCCC2=CC=C(C=C2)S(=O)(=O)NC(=O)NC3CCCCC3
386,CID003002190,CCC1C2(C(C(C(=O)C(CC(C(C(C(=O)C(C(=O)O1)C)C)OC3C(C(CC(O3)C)N(C)C)O)(C)OC)C)C)N(C(=O)O2)CCCCN4C=C(N=C4)C5=CN=CC=C5)C
387,CID000002951,C1C(=NC(=O)N1N=CC2=CC=C(O2)C3=CC=C(C=C3)[N+](=O)[O-])[O-]
388,CID000004740,CC(=O)CCCCN1C(=O)C2=C(N=CN2C)N(C1=O)C
389,CID000005253,CC(C)NCC(C1=CC=C(C=C1)NS(=O)(=O)C)O
390,CID000003249,CC(C)C(C)C=CC(C)C1CCC2C1(CCCC2=CC=C3CC(CCC3=C)O)C
391,CID000003690,C1CN(P(=O)(OC1)NCCCl)CCCl
392,CID000005572,C1CCC(CC1)C(CCN2CCCCC2)(C3=CC=CC=C3)O
393,CID000002955,C1=CC(=CC=C1N)S(=O)(=O)C2=CC=C(C=C2)N
394,CID000002818,CN1CCN(CC1)C2=C3C=CC=CC3=NC4=C(N2)C=C(C=C4)Cl
395,CID000003379,CC1(OC2CC3C4CC(C5=CC(=O)C=CC5(C4C(CC3(C2(O1)C(=O)CO)C)O)C)F)C
396,CID000004911,CCCN(CCC)S(=O)(=O)C1=CC=C(C=C1)C(=O)O
397,CID000005408,CC12CCC3C(C1CCC2O)CCC4=CC(=O)CCC34C
398,CID000002895,CN(C)CCC=C1C2=CC=CC=C2C=CC3=CC=CC=C31
399,CID000068740,C1=CN(C=N1)CC(O)(P(=O)(O)O)P(=O)(O)O
400,CID000008953,C(=O)(O)[O-].[Na+]
401,CID000051263,CCC(=O)N(C1=CC=CC=C1)C2(CCN(CC2)CCN3C(=O)N(N=N3)CC)COC
402,CID000002435,C1CN=C(N1)NC2=C(C3=NC=CN=C3C=C2)Br
403,CID000002812,C1=CC=C(C=C1)C(C2=CC=CC=C2)(C3=CC=CC=C3Cl)N4C=CN=C4
404,CID000002524,CC(CCCC(C)(C)O)C1CCC2C1(CCCC2=CC=C3CC(CC(C3=C)O)O)C
405,CID000003706,CC(C)(C)NC(=O)C1CN(CCN1CC(CC(CC2=CC=CC=C2)C(=O)NC3C(CC4=CC=CC=C34)O)O)CC5=CN=CC=C5
406,CID000060871,CC(C)(C)C(=O)OCOP(=O)(COCCN1C=NC2=C(N=CN=C21)N)OCOC(=O)C(C)(C)C
407,CID000004943,CC(C)C1=C(C(=CC=C1)C(C)C)O
408,CID000003478,CC1=CN=C(C=N1)C(=O)NCCC2=CC=C(C=C2)S(=O)(=O)NC(=O)NC3CCCCC3
409,CID000005578,COC1=CC(=CC(=C1OC)OC)CC2=CN=C(N=C2N)N
410,CID000060815,CCC(=O)N(C1=CC=CC=C1)C2(CCN(CC2)CCC(=O)OC)C(=O)OC
411,CID000005401,COC1=C(C=C2C(=C1)C(=NC(=N2)N3CCN(CC3)C(=O)C4CCCO4)N)OC
412,CID000003652,CCN(CCCC(C)NC1=C2C=CC(=CC2=NC=C1)Cl)CCO
413,CID000000581,CC(=O)NC(CS)C(=O)O
414,CID000068844,CCNC1CN(S(=O)(=O)C2=C1C=C(S2)S(=O)(=O)N)CCCOC
415,CID005282226,CC(C)OC(=O)CCCC=CCC1C(CC(C1C=CC(COC2=CC=CC(=C2)C(F)(F)F)O)O)O
416,CID000004409,CC(=O)CCC1=CC2=C(C=C1)C=C(C=C2)OC
417,CID000004812,CC1=C(C(=O)C2=CC=CC=C2C1=O)CC=C(C)CCCC(C)CCCC(C)CCCC(C)C
418,CID000002733,C1=CC2=C(C=C1Cl)NC(=O)O2
419,CID000003310,CC1OCC2C(O1)C(C(C(O2)OC3C4COC(=O)C4C(C5=CC6=C(C=C35)OCO6)C7=CC(=C(C(=C7)OC)O)OC)O)O
420,CID000005184,CN1C2CC(CC1C3C2O3)OC(=O)C(CO)C4=CC=CC=C4
421,CID000005073,CC1=C(C(=O)N2CCCCC2=N1)CCN3CCC(CC3)C4=NOC5=C4C=CC(=C5)F
422,CID000003350,CC12CCC3C(C1CCC2C(=O)NC(C)(C)C)CCC4C3(C=CC(=O)N4)C
423,CID000093860,B(C(CC(C)C)NC(=O)C(CC1=CC=CC=C1)NC(=O)C2=NC=CN=C2)(O)O
424,CID000064147,CC(C)C(C(=O)OCC(CO)OCN1C=NC2=C1NC(=NC2=O)N)N
425,CID000003658,C1CN(CCN1CCOCCO)C(C2=CC=CC=C2)C3=CC=C(C=C3)Cl
426,CID006918453,CCP(CC)CC.CC(=O)OCC1C(C(C(C(O1)[S-])OC(=O)C)OC(=O)C)OC(=O)C.[Au+]
427,CID005493381,C1=CC(=C2NC(=C3C=CC=CC3=O)N(N2)C4=CC=C(C=C4)C(=O)O)C(=O)C=C1
428,CID000005291,CC1=C(C=C(C=C1)NC(=O)C2=CC=C(C=C2)CN3CCN(CC3)C)NC4=NC=CC(=N4)C5=CN=CC=C5
429,CID000150311,C1=CC(=CC=C1C2C(C(=O)N2C3=CC=C(C=C3)F)CCC(C4=CC=C(C=C4)F)O)O
430,CID000002978,CCCCCC1=CC(=C2C3C=C(CCC3C(OC2=C1)(C)C)C)O
431,CID000003339,CC(C)OC(=O)C(C)(C)OC1=CC=C(C=C1)C(=O)C2=CC=C(C=C2)Cl
432,CID000002476,CC(C)(C)C(C)(C1CC23CCC1(C4C25CCN(C3CC6=C5C(=C(C=C6)O)O4)CC7CC7)OC)O
433,CID000002308,CC1CC2C3CCC4=CC(=O)C=CC4(C3(C(CC2(C1(C(=O)CO)O)C)O)Cl)C
434,CID000000143,C1C(N(C2=C(N1)NC(=NC2=O)N)C=O)CNC3=CC=C(C=C3)C(=O)NC(CCC(=O)O)C(=O)O
435,CID000000937,C1=CC(=CN=C1)C(=O)[O-]
436,CID000002786,CCCC1CC(N(C1)C)C(=O)NC(C2C(C(C(C(O2)SC)O)O)O)C(C)Cl
437,CID000005402,CC(C)(C)C#CC=CCN(C)CC1=CC=CC2=CC=CC=C21
438,CID000057537,CCCN(CCC1=CC=CS1)C2CCC3=C(C2)C=CC=C3O
439,CID000001071,CC1=C(C(CCC1)(C)C)C=CC(=CC=CC(=CCO)C)C
440,CID000004513,CNC(=C[N+](=O)[O-])NCCSCC1=CSC(=N1)CN(C)C
441,CID000005596,C1CC[N+]2(C1)C3CCC2CC(C3)OC(=O)C(C4=CC=CC=C4)(C5=CC=CC=C5)O
442,CID000016231,C1(=C(N=C(C(=N1)Cl)N)N)C(=O)N=C(N)N
443,CID004479097,CC1=CC2=C(C=C1C)N(C=N2)C3C(C(C(O3)CO)OP(=O)([O-])OC(C)CNC(=O)CCC4(C(C5C6(C(C(C(=N6)C(=C7C(C(C(=N7)C=C8C(C(C(=N8)C(=C4[N-]5)C)CCC(=O)N)(C)C)CCC(=O)N)(C)CC(=O)N)C)CCC(=O)N)(C)CC(=O)N)C)CC(=O)N)C)O.O.[Co]
444,CID000054808,CCOC(=O)OC1(CCC2C1(CC(C3C2CCC4=CC(=O)C=CC34C)O)C)C(=O)OCCl
445,CID000000191,C1=NC(=C2C(=N1)N(C=N2)C3C(C(C(O3)CO)O)O)N
446,CID000002477,C1CCC2(C1)CC(=O)N(C(=O)C2)CCCCN3CCN(CC3)C4=NC=CC=N4
447,CID000003066,CC1(C(=O)N2C(C(=O)N3CCCC3C2(O1)O)CC4=CC=CC=C4)NC(=O)C5CC6C(CC7=CNC8=CC=CC6=C78)N(C5)C
448,CID000003008,CN1CCC23CCCCC2C1CC4=C3C=C(C=C4)OC
449,CID000060754,CNC(=O)CN(CCN(CCN(CC(=O)NC)CC(=O)[O-])CC(=O)[O-])CC(=O)[O-].O.[Gd+3]
450,CID000002676,CC(C)C1=C(C(=C(C(=N1)C(C)C)COC)C2=CC=C(C=C2)F)C=CC(CC(CC(=O)O)O)O
451,CID000151165,CC(C1=CC(=CC(=C1)C(F)(F)F)C(F)(F)F)OC2C(N(CCO2)CC3=NC(=O)NN3)C4=CC=C(C=C4)F
452,CID000054841,CC1=CC=CC=C1OC(CCNC)C2=CC=CC=C2
453,CID000004675,CC(=O)OC1CC2CCC3C(C2(CC1[N+]4(CCCCC4)C)C)CCC5(C3CC(C5OC(=O)C)[N+]6(CCCCC6)C)C
454,CID000003168,C1CN(CC=C1N2C3=CC=CC=C3NC2=O)CCCC(=O)C4=CC=C(C=C4)F
455,CID000003476,CCC1=C(CN(C1=O)C(=O)NCCC2=CC=C(C=C2)S(=O)(=O)NC(=O)NC3CCC(CC3)C)C
456,CID000004536,CC12CCC3C(C1CCC2(C#C)O)CCC4=CC(=O)CCC34
457,CID000004873,[Cl-].[K+]
458,CID000004205,CN1CCN2C(C1)C3=CC=CC=C3CC4=C2N=CC=C4
459,CID000005002,C1CN(CCN1CCOCCO)C2=NC3=CC=CC=C3SC4=CC=CC=C42
460,CID000002474,CCCCN1CCCCC1C(=O)NC2=C(C=CC=C2C)C
461,CID000003121,CCCC(CCC)C(=O)O
462,CID000004730,CC1(C(N2C(S1)C(C2=O)NC(=O)COC3=CC=CC=C3)C(=O)[O-])C
463,CID000004845,CC(C)(C)NCC(C1=NC(=C(C=C1)O)CO)O
464,CID000003467,CC(C1CCC(C(O1)OC2C(CC(C(C2O)OC3C(C(C(CO3)(C)O)NC)O)N)N)N)NC
465,CID000000815,C1C(C(C(C(C1N)OC2C(C(C(C(O2)CN)O)O)O)O)OC3C(C(C(C(O3)CO)O)N)O)N
466,CID000003763,C(C(F)(F)F)(OC(F)F)Cl
467,CID000004236,C1=CC=C(C=C1)C(C2=CC=CC=C2)S(=O)CC(=O)N
468,CID005282044,CC(C)(C)NCC(=O)NC1=CC(=C2CC3CC4C(C(=O)C(=C(N)O)C(=O)C4(C(=O)C3=C(C2=C1O)O)O)N(C)C)N(C)C
469,CID000504578,C1CC(C(C(C1N)O)OC2C(C(C(O2)CO)OC3C(C(C(C(O3)CN)O)O)N)O)OC4CC(C(C(C4N)O)O)CN
470,CID005362070,C1=CC(=CC=C1C(=O)NCCC(=O)O)NN=C2C=CC(=O)C(=C2)C(=O)O
471,CID000003902,C1=CC(=CC=C1C#N)C(C2=CC=C(C=C2)C#N)N3C=NC=N3
472,CID000003780,C1C(C2C(O1)C(CO2)O[N+](=O)[O-])O[N+](=O)[O-]
473,CID000065027,CCCC1(CC(=O)C(=C(O1)O)C(CC)C2=CC(=CC=C2)NS(=O)(=O)C3=NC=C(C=C3)C(F)(F)F)CCC4=CC=CC=C4
474,CID005362420,CC1=C(C2=CC3=NC(=CC4=C(C(=C(N4)C=C5C6(C(C(=CC=C6C(=N5)C=C1N2)C(=O)OC)C(=O)OC)C)C)CCC(=O)OC)C(=C3C)CCC(=O)O)C=C
475,CID000056959,CC1=C(C(=CC=C1)C)NC(=O)CN2CCN(CC2)CC(COC3=CC=CC=C3OC)O
476,CID000444013,COCCNC(=O)CN(CCN(CCN(CC(=O)NCCOC)CC(=O)[O-])CC(=O)[O-])CC(=O)[O-].[Gd+3]
477,CID000009052,CC(=O)CC(C1=CC=C(C=C1)[N+](=O)[O-])C2=C(OC3=CC=CC=C3C2=O)O
478,CID000002269,CCC1C(C(C(N(CC(CC(C(C(C(C(C(=O)O1)C)OC2CC(C(C(O2)C)O)(C)OC)C)OC3C(C(CC(O3)C)N(C)C)O)(C)O)C)C)C)O)(C)O
479,CID000110635,CN1CC(=O)N2C(C1=O)CC3=C(C2C4=CC5=C(C=C4)OCO5)NC6=CC=CC=C36
480,CID000004044,CC1=C(C(=CC=C1)NC2=CC=CC=C2C(=O)O)C
481,CID000005472,C1CN(CC2=C1SC=C2)CC3=CC=CC=C3Cl
482,CID000001971,C1CC1NC2=C3C(=NC(=N2)N)N(C=N3)C4CC(C=C4)CO
483,CID000005426,C1CC(=O)NC(=O)C1N2C(=O)C3=CC=CC=C3C2=O
484,CID000003454,C1=NC2=C(N1COC(CO)CO)NC(=NC2=O)N
485,CID000004449,CCC1=NN(C(=O)N1CCOC2=CC=CC=C2)CCCN3CCN(CC3)C4=CC(=CC=C4)Cl
486,CID000072467,CC1=C(N=C(N=C1N)C(CC(=O)N)NCC(C(=O)N)N)C(=O)NC(C(C2=CN=CN2)OC3C(C(C(C(O3)CO)O)O)OC4C(C(C(C(O4)CO)O)OC(=O)N)O)C(=O)NC(C)C(C(C)C(=O)NC(C(C)O)C(=O)NCCC5=NC(=CS5)C6=NC(=CS6)C(=O)NCCC[S+](C)C)O
487,CID000005454,CN1CCN(CC1)CCC=C2C3=CC=CC=C3SC4=C2C=C(C=C4)S(=O)(=O)N(C)C
488,CID000003642,CCCC(=O)OC1(CCC2C1(CC(C3C2CCC4=CC(=O)CCC34C)O)C)C(=O)CO
489,CID000001046,C1=CN=C(C=N1)C(=O)N
490,CID000001983,CC(=O)NC1=CC=C(C=C1)O
491,CID000131536,CC(C)CN(CC(C(CC1=CC=CC=C1)NC(=O)OC2CCOC2)OP(=O)(O)O)S(=O)(=O)C3=CC=C(C=C3)N
492,CID000004178,CC1=C(C(=CC=C1)C)OCC(C)N
493,CID000003198,C1=CC(=CC=C1COC(CN2C=CN=C2)C3=C(C=C(C=C3)Cl)Cl)Cl
494,CID000003928,CCCC1CC(N(C1)C)C(=O)NC(C2C(C(C(C(O2)SC)O)O)O)C(C)O
495,CID000004542,CCC12CCC3C(C1CCC2(C#C)O)CCC4=CC(=O)CCC34
496,CID005311027,CCNC(=O)CCCC=CCC1C(CC(C1C=CC(CCC2=CC=CC=C2)O)O)O
497,CID000002142,C1C(C(C(C(C1NC(=O)C(CCN)O)OC2C(C(C(C(O2)CO)O)N)O)O)OC3C(C(C(C(O3)CN)O)O)O)N
498,CID000508230,CC1=C2COC(=O)C2=C(C(=C1OC)CC(=O)O)O
499,CID000110634,CCCC1=NC(=C2N1NC(=NC2=O)C3=C(C=CC(=C3)S(=O)(=O)N4CCN(CC4)CC)OCC)C
500,CID000024486,O.O.O.O.O.O.[Cl-].[Cl-].[Ca+2]
501,CID000004674,C(CN)C(O)(P(=O)(O)O)P(=O)(O)O
502,CID000004828,CC(C)NCC(COC1=CC=CC2=C1C=CN2)O
503,CID000004428,C1CC1CN2CCC34C5C(=O)CCC3(C2CC6=C4C(=C(C=C6)O)O5)O
504,CID000004064,CCCC(C)(COC(=O)N)COC(=O)N
505,CID000047320,C[N+]1(CCC2=CC(=C(C=C2C1CC3=CC(=C(C=C3)OC)OC)OC)OC)CCC(=O)OCCCCCOC(=O)CC[N+]4(CCC5=CC(=C(C=C5C4CC6=CC(=C(C=C6)OC)OC)OC)OC)C.C1=CC=C(C=C1)S(=O)(=O)[O-].C1=CC=C(C=C1)S(=O)(=O)[O-]
506,CID000071158,CC(=O)NCCCS(=O)(=O)O
507,CID000002949,CC12CCC3C(C1CCC2(C#C)O)CCC4=CC5=C(CC34C)C=NO5
508,CID000001978,CCCC(=O)NC1=CC(=C(C=C1)OCC(CNC(C)C)O)C(=O)C
509,CID000000158,CCCCCC(C=CC1C(CC(=O)C1CC=CCCCC(=O)O)O)O
510,CID000005771,CCC(C)C1C(=O)NC(C(=O)NC(C(=O)NC(CSSCC(C(=O)NC(C(=O)N1)CC2=CC=C(C=C2)O)N)C(=O)N3CCCC3C(=O)NC(CC(C)C)C(=O)NCC(=O)N)CC(=O)N)CCC(=O)N
511,CID000003461,C1=CN(C(=O)N=C1N)C2C(C(C(O2)CO)O)(F)F
512,CID000004993,CCC1=C(C(=NC(=N1)N)N)C2=CC=C(C=C2)Cl
513,CID000054786,CCCCCC(CCC1C(CC2C1CC3=C(C2)C(=CC=C3)OCC(=O)O)O)O
514,CID000000564,C(CCC(=O)O)CCN
515,CID000003724,CC(=O)N(CC(CN(C1=C(C(=C(C(=C1I)C(=O)NCC(CO)O)I)C(=O)NCC(CO)O)I)C(=O)C)O)C2=C(C(=C(C(=C2I)C(=O)NCC(CO)O)I)C(=O)NCC(CO)O)I
516,CID000176168,C(=O)([O-])[O-].C(=O)([O-])[O-].C(=O)([O-])[O-].O.[La+3].[La+3]
517,CID000004095,CCC(=O)C(CC(C)N(C)C)(C1=CC=CC=C1)C2=CC=CC=C2
518,CID000004440,CNS(=O)(=O)CCC1=CC2=C(C=C1)NC=C2C3CCN(CC3)C
519,CID000060184,CCCC(C(=O)OCC)NC(C)C(=O)N1C2CCCCC2CC1C(=O)O
520,CID000024011,S=[Se]
521,CID000148211,C1CC2CN(C(=O)C3=CC=CC(=C23)C1)C4CN5CCC4CC5
522,CID000000085,C[N+](C)(C)CC(CC(=O)O)O
523,CID000003702,CC1CC2=CC=CC=C2N1NC(=O)C3=CC(=C(C=C3)Cl)S(=O)(=O)N
524,CID000013342,CCC1(CC2CC(C3=C(CCN(C2)C1)C4=CC=CC=C4N3)(C5=C(C=C6C(=C5)C78CCN9C7C(C=CC9)(C(C(C8N6C)(C(=O)OC)O)OC(=O)C)CC)OC)C(=O)OC)O
525,CID000004834,CCN1CCN(C(=O)C1=O)C(=O)NC(C2=CC=CC=C2)C(=O)NC3C4N(C3=O)C(C(S4)(C)C)C(=O)[O-]
526,CID000005466,CC1=C(SC=C1)C(=CCCN2CCCC(C2)C(=O)O)C3=C(C=CS3)C
527,CID000002099,CC1=C(N=CN1)CN2CCC3=C(C2=O)C4=CC=CC=C4N3C
528,CID000123631,COC1=C(C=C2C(=C1)N=CN=C2NC3=CC(=C(C=C3)F)Cl)OCCCN4CCOCC4
529,CID000002375,CC(CS(=O)(=O)C1=CC=C(C=C1)F)(C(=O)NC2=CC(=C(C=C2)C#N)C(F)(F)F)O
530,CID000003117,CCN(CC)C(=S)SSC(=S)N(CC)CC
531,CID000002646,CC=CC1=C(N2C(C(C2=O)NC(=O)C(C3=CC=C(C=C3)O)N)SC1)C(=O)O
532,CID000002512,CCNC(=O)N(CCCN(C)C)C(=O)C1CC2C(CC3=CNC4=CC=CC2=C34)N(C1)CC=C
533,CID000003114,CC(C)N(CCC(C1=CC=CC=C1)(C2=CC=CC=N2)C(=O)N)C(C)C
534,CID000003414,C(=O)([O-])P(=O)([O-])[O-]
535,CID000003059,C1=CC(=C(C=C1C2=C(C=C(C=C2)F)F)C(=O)O)O
536,CID000148192,CC(C)(C)C(C(=O)NC(CC1=CC=CC=C1)C(CN(CC2=CC=C(C=C2)C3=CC=CC=N3)NC(=O)C(C(C)(C)C)NC(=O)OC)O)NC(=O)OC
537,CID003062316,CC1=C(C(=CC=C1)Cl)NC(=O)C2=CN=C(S2)NC3=CC(=NC(=N3)C)N4CCN(CC4)CCO
538,CID000002995,CNCCCN1C2=CC=CC=C2CCC3=CC=CC=C31
539,CID000005878,CC12CCC3C(C1CCC2(C)O)CCC4C3(COC(=O)C4)C
540,CID000002141,C(CN)CNCCSP(=O)(O)O
541,CID000005381,CCOC(=O)C1=CN=C(C=C1)C#CC2=CC3=C(C=C2)SCCC3(C)C
542,CID000004771,CC(C)(CC1=CC=CC=C1)N
543,CID000060787,CC(C)(C)NC(=O)C1CC2CCCCC2CN1CC(C(CC3=CC=CC=C3)NC(=O)C(CC(=O)N)NC(=O)C4=NC5=CC=CC=C5C=C4)O
544,CID000060877,C1C(OC(S1)CO)N2C=C(C(=NC2=O)N)F
545,CID000003827,CN1CCC(=C2C3=C(C(=O)CC4=CC=CC=C42)SC=C3)CC1
546,CID000003821,CNC1(CCCCC1=O)C2=CC=CC=C2Cl
547,CID000002130,C1C2CC3CC1CC(C2)(C3)N
548,CID000005453,C1CN1P(=S)(N2CC2)N3CC3
549,CID000003373,CCOC(=O)C1=C2CN(C(=O)C3=C(N2C=N1)C=CC(=C3)F)C
550,CID000003372,C1CN(CCN1CCCN2C3=CC=CC=C3SC4=C2C=C(C=C4)C(F)(F)F)CCO
551,CID000002519,CN1C=NC2=C1C(=O)N(C(=O)N2C)C
552,CID000041317,CC1=CC(=C(C(=C1C=CC(=CC=CC(=CC(=O)O)C)C)C)C)OC
553,CID000115237,CC1=C(C(=O)N2CCCC(C2=N1)O)CCN3CCC(CC3)C4=NOC5=C4C=CC(=C5)F
554,CID000005352,CC1=C(C2=C(C1=CC3=CC=C(C=C3)S(=O)C)C=CC(=C2)F)CC(=O)O
555,CID000003040,CC1=C(C(=NO1)C2=C(C=CC=C2Cl)Cl)C(=O)NC3C4N(C3=O)C(C(S4)(C)C)C(=O)[O-]
556,CID000197712,CC1=CC(=NC(=N1)OC(C(=O)O)C(C2=CC=CC=C2)(C3=CC=CC=C3)OC)C
557,CID000060164,COC1=C(C=C(C=C1)C2=CC3=C(C=C2)C=C(C=C3)C(=O)O)C45CC6CC(C4)CC(C6)C5
558,CID000004748,C1CN(CCN1CCCN2C3=CC=CC=C3SC4=C2C=C(C=C4)Cl)CCO
559,CID000004745,CCCN1CC(CC2C1CC3=CNC4=CC=CC2=C34)CSC
560,CID000002478,CS(=O)(=O)OCCCCOS(=O)(=O)C
561,CID000003278,CCC(=C)C(=O)C1=C(C(=C(C=C1)OCC(=O)O)Cl)Cl
562,CID000002622,C[N+]1(CCCC1)CC2=C(N3C(C(C3=O)NC(=O)C(=NOC)C4=CSC(=N4)N)SC2)C(=O)[O-]
563,CID000003741,C(CO)N(C1=C(C(=C(C(=C1I)C(=O)NCC(CO)O)I)C(=O)NCC(CO)O)I)C(=O)CO
564,CID000002610,CC1=C(N2C(C(C2=O)NC(=O)C(C3=CC=C(C=C3)O)N)SC1)C(=O)O
565,CID000004819,CCC1C(COC1=O)CC2=CN=CN2C
566,CID000005593,CCN(CC1=CC=NC=C1)C(=O)C(CO)C2=CC=CC=C2
567,CID000003914,CC(C)(C)NCC(COC1=CC=CC2=C1CCCC2=O)O
568,CID000003784,CC1=C(C(C(=C(N1)C)C(=O)OC(C)C)C2=CC=CC3=NON=C32)C(=O)OC
569,CID000014888,[O-2].[O-2].[O-2].[As+3].[As+3]
570,CID000002708,C1=CC(=CC=C1CCCC(=O)O)N(CCCl)CCCl
571,CID000003397,CC(C)C(=O)NC1=CC(=C(C=C1)[N+](=O)[O-])C(F)(F)F
572,CID006436173,CC1C=CC=C(C(=O)NC2=C(C3=C(C4=C(C(=C3O)C)OC(C4=O)(OC=CC(C(C(C(C(C(C1O)C)O)C)OC(=O)C)C)OC)C)C5=C2N6C=CC(=CC6=N5)C)O)C
573,CID000000119,C(CC(=O)O)CN
574,CID001349907,CN1C=CNC1=S
575,CID000004053,C1=CC(=CC=C1CC(C(=O)O)N)N(CCCl)CCCl
576,CID000060612,CC1=C(C(=CC=C1)C(C)C2=CN=CN2)C
577,CID000003964,CN1CCN(CC1)C2=NC3=CC=CC=C3OC4=C2C=C(C=C4)Cl
578,CID000004425,C=CCN1CCC23C4C(=O)CCC2(C1CC5=C3C(=C(C=C5)O)O4)O
579,CID000002274,CC1C(C(=O)N1S(=O)(=O)O)NC(=O)C(=NOC(C)(C)C(=O)O)C2=CSC(=N2)N
580,CID000150310,CC12CCC(=O)C=C1CC(C3C24C(O4)CC5(C3CCC56CCC(=O)O6)C)C(=O)OC
581,CID000005525,CCOC(=O)C(CCC1=CC=CC=C1)NC(C)C(=O)N2C3CCCCC3CC2C(=O)O
582,CID000004727,CC(C)(C(C(=O)O)N)S
583,CID000003384,CC1CC2C3CCC(C3(CC(C2(C4(C1=CC(=O)C=C4)C)F)O)C)(C(=O)C)O
584,CID000002973,CC(=O)N(CCCCCNC(=O)CCC(=O)N(CCCCCNC(=O)CCC(=O)N(CCCCCN)O)O)O
585,CID000003494,C[N+]1(CCC(C1)OC(=O)C(C2CCCC2)(C3=CC=CC=C3)O)C
586,CID000002349,CC1(C(N2C(S1)C(C2=O)NC(=O)CC3=CC=CC=C3)C(=O)O)C
587,CID000002283,CCC(C)C1C(=O)NC(C(=O)NC(C(=O)NC(C(=O)NC(C(=O)NC(C(=O)NC(C(=O)N1)CCCN)CCCCNC(=O)C(C(C)CC)NC(=O)C(CCC(=O)O)NC(=O)C(CC(C)C)NC(=O)C2CSC(=N2)C(C(C)CC)N)CC(=O)N)CC(=O)O)CC3=CN=CN3)CC4=CC=CC=C4
588,CID006435110,CCC(C)C1C(CCC2(O1)CC3CC(O2)CC=C(C(C(C=CC=C4COC5C4(C(C=C(C5O)C)C(=O)O3)O)C)OC6CC(C(C(O6)C)OC7CC(C(C(O7)C)O)OC)OC)C)C.CC1CCC2(CC3CC(O2)CC=C(C(C(C=CC=C4COC5C4(C(C=C(C5O)C)C(=O)O3)O)C)OC6CC(C(C(O6)C)OC7CC(C(C(O7)C)O)OC)OC)C)OC1C(C)C
589,CID000005297,CC1C(C(C(O1)OC2C(C(C(C(C2O)O)N=C(N)N)O)N=C(N)N)OC3C(C(C(C(O3)CO)O)O)NC)(C=O)O
590,CID000005515,CCC1(C2=C(COC1=O)C(=O)N3CC4=CC5=C(C=CC(=C5CN(C)C)O)N=C4C3=C2)O
591,CID000048175,CCC(=O)OC1(C(CC2C1(CC(C3(C2CC(C4=CC(=O)C=CC43C)F)F)O)C)C)C(=O)CCl
592,CID000002637,COC1(C2N(C1=O)C(=C(CS2)COC(=O)N)C(=O)[O-])NC(=O)CC3=CC=CS3
593,CID000027991,C1CC(N(C1)C(=O)C2CSSCCC(=O)NC(C(=O)NC(C(=O)NC(C(=O)NC(C(=O)N2)CC(=O)N)CCC(=O)N)CC3=CC=CC=C3)CC4=CC=C(C=C4)O)C(=O)NC(CCCN=C(N)N)C(=O)NCC(=O)N
594,CID000002177,CC(C)CN(CC(C(CC1=CC=CC=C1)NC(=O)OC2CCOC2)O)S(=O)(=O)C3=CC=C(C=C3)N
595,CID000060696,CC(=O)OC1C(CC2C1(CCC3C2CCC4C3(CC(C(C4)O)N5CCOCC5)C)C)[N+]6(CCCC6)CC=C
596,CID000004739,C1C(C(OC1N2C=NC3=C2NC=NCC3O)CO)O
597,CID000077992,CNC1CCC2=C(C1)C3=C(N2)C=CC(=C3)C(=O)N
598,CID000002019,CC1C(C(=O)NC(C(=O)N2CCCC2C(=O)N(CC(=O)N(C(C(=O)O1)C(C)C)C)C)C(C)C)NC(=O)C3=C4C(=C(C=C3)C)OC5=C(C(=O)C(=C(C5=N4)C(=O)NC6C(OC(=O)C(N(C(=O)CN(C(=O)C7CCCN7C(=O)C(NC6=O)C(C)C)C)C)C(C)C)C)N)C
599,CID004659569,CC1=CC=C(C=C1)C(=O)C2=CC(=C(C(=C2)O)O)[N+](=O)[O-]
600,CID000004607,CC1=C(C(=NO1)C2=CC=CC=C2)C(=O)NC3C4N(C3=O)C(C(S4)(C)C)C(=O)[O-]
601,CID000005052,COC1C(CC2CN3CCC4=C(C3CC2C1C(=O)OC)NC5=C4C=CC(=C5)OC)OC(=O)C6=CC(=C(C(=C6)OC)OC)OC
602,CID000119182,C1=NC2=C(N=C(N=C2N1C3C(C(C(O3)CO)O)F)Cl)N
603,CID000005215,C1=CN=C(N=C1)NS(=O)(=O)C2=CC=C(C=C2)N
604,CID000005486,CCCCS(=O)(=O)NC(CC1=CC=C(C=C1)OCCCCC2CCNCC2)C(=O)O
605,CID000145068,[N]=O
606,CID000003637,C1=CC=C2C(=C1)C=NN=C2NN
607,CID000072938,CON=C1CN(CC1CN)C2=C(C=C3C(=O)C(=CN(C3=N2)C4CC4)C(=O)O)F
608,CID000003382,CC(=O)OCC(=O)C12C(CC3C1(CC(C4(C3CC(C5=CC(=O)C=CC54C)F)F)O)C)OC(O2)(C)C
609,CID000004140,CCC(CO)NC(=O)C1CN(C2CC3=CNC4=CC=CC(=C34)C2=C1)C
610,CID000004195,COC1=CC(=C(C=C1)OC)C(CNC(=O)CN)O
611,CID000002215,CN1CCC2=C3C1CC4=C(C3=CC=C2)C(=C(C=C4)O)O
612,CID000000298,C1=CC(=CC=C1C(C(CO)NC(=O)C(Cl)Cl)O)[N+](=O)[O-]
613,CID000444033,CC(C)C(=O)OCC(=O)C12C(CC3C1(CC(C4C3CCC5=CC(=O)C=CC45C)O)C)OC(O2)C6CCCCC6
614,CID000082146,CC1=CC2=C(C=C1C(=C)C3=CC=C(C=C3)C(=O)O)C(CCC2(C)C)(C)C
615,CID000004932,CCCNCC(COC1=CC=CC=C1C(=O)CCC2=CC=CC=C2)O
616,CID000002266,C(CCCC(=O)O)CCCC(=O)O
617,CID000002369,CC(C)NCC(COC1=CC=C(C=C1)CCOCC2CC2)O
618,CID000002232,CC1CCN(C(C1)C(=O)O)C(=O)C(CCCN=C(N)N)NS(=O)(=O)C2=CC=CC3=C2NCC(C3)C
619,CID005473385,C1=NC2C(=N1)NC(=NC2=S)N
620,CID000003291,CCC1(CC(=O)NC1=O)C
621,CID000002725,CN(C)CCC(C1=CC=C(C=C1)Cl)C2=CC=CC=N2
622,CID000002675,C=CC1=C(N2C(C(C2=O)NC(=O)C(=NOCC(=O)O)C3=CSC(=N3)N)SC1)C(=O)O
623,CID000004645,CC1(C2C(C3C(C(=O)C(=C(N)O)C(=O)C3(C(=O)C2=C(C4=C1C=CC=C4O)O)O)N(C)C)O)O
624,CID000004913,CCN(CC)CCNC(=O)C1=CC=C(C=C1)N
625,CID000001134,CC1=CN(C(=O)NC1=O)C2CC(C(O2)CO)O
626,CID000071273,CCCN1CCCCC1C(=O)NC2=C(C=CC=C2C)C
627,CID000003562,C(C(F)(F)F)(Cl)Br
628,CID000002551,C[N+](C)(C)CCOC(=O)N
629,CID000002727,CCCNC(=O)NS(=O)(=O)C1=CC=C(C=C1)Cl
630,CID000002673,CC1=C(N2C(C(C2=O)NC(=O)C(C3=CCC=CC3)N)SC1)C(=O)O
631,CID000002370,CC(C[N+](C)(C)C)OC(=O)N
632,CID000039860,CCCCCCC(C)(C)C1=CC(=C2C3CC(=O)CCC3C(OC2=C1)(C)C)O
633,CID000005721,CC(=O)NC1C(C=C(OC1C(C(CO)O)O)C(=O)O)N=C(N)N
634,CID000012620,CCCCCCCCCCCCCCCCCCCCCCO
635,CID000040976,CCC12CC(=C)C3C(C1CCC2(C#C)O)CCC4=CC(=O)CCC34
636,CID000005070,C1=CC2=C(C=C1OC(F)(F)F)SC(=N2)N
637,CID000051634,CCCCN1CC(C(C(C1CO)O)O)O
638,CID000003381,CC1(OC2CC3C4CC(C5=CC(=O)C=CC5(C4(C(CC3(C2(O1)C(=O)CO)C)O)F)C)F)C
639,CID000002170,C1CN(CCN1)C2=NC3=CC=CC=C3OC4=C2C=C(C=C4)Cl
640,CID003086258,CCC1=C2C=C3C(=C(C(=CC4=NC(=CC5=NC(=CC(=C1C)N2)C(=C5CCC(=O)O)C)C(=C4C)CCC(=O)O)N3)C(C)O)C
641,CID009571074,CC1=C(SC=N1)C=CC2=C(N3C(C(C3=O)NC(=O)C(=NOC)C4=CSC(=N4)N)SC2)C(=O)O
642,CID000004011,CNCCCC12CCC(C3=CC=CC=C31)C4=CC=CC=C24
643,CID000002182,C1C2=C(C=CC(=C2Cl)Cl)NC3=NC(=O)CN31
644,CID000005482,C1=CC(=C(C=C1Cl)Cl)C(CN2C=CN=C2)OCC3=C(SC=C3)Cl
